"Cylinders","Avg.Consumption"
4,11.3320454545455
6,8.39071428571429
8,6.4175
